,R2_best,R2_1_feature,R2_2_features,R2_3_features,MAE_best,MAE_1_feature,MAE_2_features,MAE_3_features
Linear,0.9653247682970816,0.955305189313806,0.9595471335081328,0.9634579363302488,41.89069641172608,42.86245527414716,41.89069641172608,42.70998725059199
Ridge,0.965053483011787,0.955280656965477,0.9593769904027956,0.9633266106259674,41.688288877029535,42.8798555145478,41.688288877029535,42.6948849349602
kNN,0.9963866880321612,0.97270256275759,0.9772714465487958,0.978986763727398,7.04435836982149,37.37977433479286,33.10454698551701,31.988329403839675
RandomForest,0.996641890679268,0.9697016642740838,0.978441802170716,0.9814258729270662,9.163030159104396,38.43027862110322,31.97739631319665,29.74095374506093
Polynomial,0.9667413919307516,0.955305189313806,0.9595471335081328,0.9634579363302488,41.89069641172608,42.86245527414716,41.89069641172608,42.70998725059199
GradientBoosting,0.990813350860418,0.9755567758882793,0.9785997575499051,0.9787442933859906,21.365446044067717,35.43398388383973,33.70195924474156,33.72720617387258
DenseNN,0.9768753035448603,0.973561467456971,0.9751277420263136,0.9747605098306668,36.37053685127276,37.359428614291645,36.72317380889493,36.64220022209347
