,R2_best,R2_1_feature,R2_2_features,R2_3_features,MAE_best,MAE_1_feature,MAE_2_features,MAE_3_features
Linear,0.9653247682970815,0.9553051893138059,0.9595471335081328,0.9634579363302489,41.890696411726076,42.86245527414716,41.890696411726076,42.70998725059199
Ridge,0.965053483011787,0.955280656965477,0.9593769904027957,0.9633266106259674,41.688288877029535,42.8798555145478,41.688288877029535,42.6948849349602
kNN,0.9963866880321612,0.97270256275759,0.9772714465487958,0.978986763727398,7.04435836982149,37.37977433479286,33.10454698551701,31.988329403839675
RandomForest,0.9966297873866777,0.9696738848338509,0.978444965627118,0.9813935197577942,9.188349422123851,38.46074751124539,31.981738755772675,29.764894337981172
Polynomial,0.9667413919307515,0.9553051893138059,0.9595471335081328,0.9634579363302489,41.890696411726076,42.86245527414716,41.890696411726076,42.70998725059199
GradientBoosting,0.9907597922093331,0.9757690446269425,0.9787638762911497,0.9790377941231304,21.446427215641968,35.329621753682815,33.763126865339224,33.52801595810713
