,R2_best,R2_1_feature,R2_2_features,R2_3_features,MAE_best,MAE_1_feature,MAE_2_features,MAE_3_features
Linear,0.9653247682970815,0.9553051893138059,0.9595471335081328,0.9634579363302489,41.890696411726076,42.86245527414716,41.890696411726076,42.70998725059199
Ridge,0.965053483011787,0.955280656965477,0.9593769904027957,0.9633266106259674,41.688288877029535,42.8798555145478,41.688288877029535,42.6948849349602
kNN,0.9964573602521878,0.9711055224918714,0.975873174488681,0.9780930024015522,6.592141012686649,38.34539126529695,33.74146177164028,32.260985741551586
RandomForest,0.9966418906792679,0.9697016642740838,0.9784418021707161,0.9814258729270662,9.163030159104395,38.43027862110322,31.977396313196646,29.74095374506093
Polynomial,0.9667413919307515,0.9553051893138059,0.9595471335081328,0.9634579363302489,41.890696411726076,42.86245527414716,41.890696411726076,42.70998725059199
GradientBoosting,0.990813350860418,0.9755567758882793,0.9785997575499051,0.9787442933859906,21.365446044067717,35.43398388383973,33.70195924474156,33.72720617387258
DenseNN,0.9789645087508673,0.975494557136259,0.976192823531919,0.9774066196343834,35.32731834385919,36.48886386592527,36.48441572931328,36.72687501179757
